{
    "name": "root",
    "gauges": {
        "TreasureHunt.Policy.Entropy.mean": {
            "value": 1.4196394681930542,
            "min": 1.4189382791519165,
            "max": 1.4207398891448975,
            "count": 10
        },
        "TreasureHunt.Policy.Entropy.sum": {
            "value": 21298.8515625,
            "min": 21250.01953125,
            "max": 21345.1953125,
            "count": 10
        },
        "TreasureHunt.Step.mean": {
            "value": 149999.0,
            "min": 14975.0,
            "max": 149999.0,
            "count": 10
        },
        "TreasureHunt.Step.sum": {
            "value": 149999.0,
            "min": 14975.0,
            "max": 149999.0,
            "count": 10
        },
        "TreasureHunt.Policy.ExtrinsicValueEstimate.mean": {
            "value": -0.4465008080005646,
            "min": -0.45661526918411255,
            "max": 0.018220894038677216,
            "count": 10
        },
        "TreasureHunt.Policy.ExtrinsicValueEstimate.sum": {
            "value": -246.02194213867188,
            "min": -252.0516357421875,
            "max": 10.076154708862305,
            "count": 10
        },
        "TreasureHunt.Environment.EpisodeLength.mean": {
            "value": 82.2486187845304,
            "min": 81.14285714285714,
            "max": 82.2486187845304,
            "count": 10
        },
        "TreasureHunt.Environment.EpisodeLength.sum": {
            "value": 14887.0,
            "min": 14730.0,
            "max": 14948.0,
            "count": 10
        },
        "TreasureHunt.Environment.CumulativeReward.mean": {
            "value": -4.539397842354244,
            "min": -4.690103583408324,
            "max": -4.518267917863572,
            "count": 10
        },
        "TreasureHunt.Environment.CumulativeReward.sum": {
            "value": -817.091611623764,
            "min": -852.0217752456665,
            "max": -817.091611623764,
            "count": 10
        },
        "TreasureHunt.Policy.ExtrinsicReward.mean": {
            "value": -4.539397842354244,
            "min": -4.690103583408324,
            "max": -4.518267917863572,
            "count": 10
        },
        "TreasureHunt.Policy.ExtrinsicReward.sum": {
            "value": -817.091611623764,
            "min": -852.0217752456665,
            "max": -817.091611623764,
            "count": 10
        },
        "TreasureHunt.IsTraining.mean": {
            "value": 1.0,
            "min": 1.0,
            "max": 1.0,
            "count": 10
        },
        "TreasureHunt.IsTraining.sum": {
            "value": 1.0,
            "min": 1.0,
            "max": 1.0,
            "count": 10
        },
        "TreasureHunt.Losses.PolicyLoss.mean": {
            "value": 0.024784294687884137,
            "min": 0.024784294687884137,
            "max": 0.027300362484917667,
            "count": 2
        },
        "TreasureHunt.Losses.PolicyLoss.sum": {
            "value": 0.024784294687884137,
            "min": 0.024784294687884137,
            "max": 0.027300362484917667,
            "count": 2
        },
        "TreasureHunt.Losses.ValueLoss.mean": {
            "value": 0.012616132602690615,
            "min": 0.012616132602690615,
            "max": 0.02939605172852882,
            "count": 2
        },
        "TreasureHunt.Losses.ValueLoss.sum": {
            "value": 0.012616132602690615,
            "min": 0.012616132602690615,
            "max": 0.02939605172852882,
            "count": 2
        },
        "TreasureHunt.Policy.LearningRate.mean": {
            "value": 0.00026999221000260004,
            "min": 0.00026999221000260004,
            "max": 0.00028499490500170005,
            "count": 2
        },
        "TreasureHunt.Policy.LearningRate.sum": {
            "value": 0.00026999221000260004,
            "min": 0.00026999221000260004,
            "max": 0.00028499490500170005,
            "count": 2
        },
        "TreasureHunt.Policy.Epsilon.mean": {
            "value": 0.1899974,
            "min": 0.1899974,
            "max": 0.19499829999999999,
            "count": 2
        },
        "TreasureHunt.Policy.Epsilon.sum": {
            "value": 0.1899974,
            "min": 0.1899974,
            "max": 0.19499829999999999,
            "count": 2
        },
        "TreasureHunt.Policy.Beta.mean": {
            "value": 0.00450087026,
            "min": 0.00450087026,
            "max": 0.00475041517,
            "count": 2
        },
        "TreasureHunt.Policy.Beta.sum": {
            "value": 0.00450087026,
            "min": 0.00450087026,
            "max": 0.00475041517,
            "count": 2
        }
    },
    "metadata": {
        "timer_format_version": "0.1.0",
        "start_time_seconds": "1668127417",
        "python_version": "3.7.13 (default, Oct 18 2022, 13:40:53) \n[Clang 12.0.0 ]",
        "command_line_arguments": "/opt/anaconda3/envs/unity/bin/mlagents-learn TreasureHunt.yaml --run-id=Run 6",
        "mlagents_version": "0.28.0",
        "mlagents_envs_version": "0.28.0",
        "communication_protocol_version": "1.5.0",
        "pytorch_version": "1.7.1",
        "numpy_version": "1.21.6",
        "end_time_seconds": "1668127602"
    },
    "total": 185.29392945799998,
    "count": 1,
    "self": 0.005973499999981868,
    "children": {
        "run_training.setup": {
            "total": 0.015168999999999988,
            "count": 1,
            "self": 0.015168999999999988
        },
        "TrainerController.start_learning": {
            "total": 185.272786958,
            "count": 1,
            "self": 0.5507120730002271,
            "children": {
                "TrainerController._reset_env": {
                    "total": 7.3604315840000005,
                    "count": 1,
                    "self": 7.3604315840000005
                },
                "TrainerController.advance": {
                    "total": 177.23105450899982,
                    "count": 51711,
                    "self": 0.2734605239984944,
                    "children": {
                        "env_step": {
                            "total": 176.95759398500132,
                            "count": 51711,
                            "self": 142.79383119899973,
                            "children": {
                                "SubprocessEnvManager._take_step": {
                                    "total": 33.82532101300056,
                                    "count": 51711,
                                    "self": 1.0520172480003183,
                                    "children": {
                                        "TorchPolicy.evaluate": {
                                            "total": 32.77330376500024,
                                            "count": 51711,
                                            "self": 6.301060685000007,
                                            "children": {
                                                "TorchPolicy.sample_actions": {
                                                    "total": 26.472243080000236,
                                                    "count": 51711,
                                                    "self": 26.472243080000236
                                                }
                                            }
                                        }
                                    }
                                },
                                "workers": {
                                    "total": 0.3384417730010245,
                                    "count": 51710,
                                    "self": 0.0,
                                    "children": {
                                        "worker_root": {
                                            "total": 184.54968507799734,
                                            "count": 51710,
                                            "is_parallel": true,