{
    "name": "root",
    "metadata": {
        "timer_format_version": "0.1.0",
        "start_time_seconds": "1668127081",
        "python_version": "3.7.13 (default, Oct 18 2022, 13:40:53) \n[Clang 12.0.0 ]",
        "command_line_arguments": "/opt/anaconda3/envs/unity/bin/mlagents-learn TreasureHunt.yaml --run-id=Run 4",
        "mlagents_version": "0.28.0",
        "mlagents_envs_version": "0.28.0",
        "communication_protocol_version": "1.5.0",
        "pytorch_version": "1.7.1",
        "numpy_version": "1.21.6",
        "end_time_seconds": "1668127157"
    },
    "total": 76.140437,
    "count": 1,
    "self": 0.005221750000004022,
    "children": {
        "run_training.setup": {
            "total": 0.014524874999999993,
            "count": 1,
            "self": 0.014524874999999993
        },
        "TrainerController.start_learning": {
            "total": 76.120690375,
            "count": 1,
            "self": 0.02666099999994742,
            "children": {
                "TrainerController._reset_env": {
                    "total": 7.765635708,
                    "count": 1,
                    "self": 7.765635708
                },
                "TrainerController.advance": {
                    "total": 68.24940541700005,
                    "count": 2484,
                    "self": 0.013913777000098548,
                    "children": {
                        "env_step": {
                            "total": 68.23549163999995,
                            "count": 2484,
                            "self": 66.820839645,
                            "children": {
                                "SubprocessEnvManager._take_step": {
                                    "total": 1.3984392610000302,
                                    "count": 2484,
                                    "self": 0.05117739300013291,
                                    "children": {
                                        "TorchPolicy.evaluate": {
                                            "total": 1.3472618679998973,
                                            "count": 2484,
                                            "self": 0.24485068899994644,
                                            "children": {
                                                "TorchPolicy.sample_actions": {
                                                    "total": 1.102411178999951,
                                                    "count": 2484,
                                                    "self": 1.102411178999951
                                                }
                                            }
                                        }
                                    }
                                },
                                "workers": {
                                    "total": 0.016212733999918072,
                                    "count": 2483,
                                    "self": 0.0,
                                    "children": {
                                        "worker_root": {
                                            "total": 15.960743834000054,
                                            "count": 2483,
                                            "is_parallel": true,
                                            "self": 10.273766169000014,
                                            "children": {
                                                "run_training.setup": {
                                                    "total": 0.0,
                                                    "count": 0,
                                                    "is_parallel": true,
                                                    "self": 0.0,
                                                    "children": {
                                                        "steps_from_proto": {
                                                            "total": 0.0035480840000001734,
                                                            "count": 1,
                                                            "is_parallel": true,
                                                            "self": 0.0006811259999999209,
                                                            "children": {
                                                                "_process_rank_one_or_two_observation": {
                                                                    "total": 0.0028669580000002526,
                                                                    "count": 2,
                                                                    "is_parallel": true,
                                                                    "self": 0.0028669580000002526
                                                                }
                                                            }
                                                        },
                                                        "UnityEnvironment.step": {
                                                            "total": 0.034531417000000175,
                                                            "count": 1,
                                                            "is_parallel": true,
                                                            "self": 0.00011637499999928025,
                                                            "children": {
                                                                "UnityEnvironment._generate_step_input": {
                                                                    "total": 0.0004735000000000156,
                                                                    "count": 1,
                                                                    "is_parallel": true,
                                                                    "self": 0.0004735000000000156
                                                                },
                                                                "communicator.exchange": {
                                                                    "total": 0.03368604200000114,
                                                                    "count": 1,
                                                                    "is_parallel": true,
                                                                    "self": 0.03368604200000114
                                                                },
                                                                "steps_from_proto": {
                                                                    "total": 0.00025549999999974204,
                                                                    "count": 1,
                                                                    "is_parallel": true,
                                                                    "self": 0.00010995799999946598,
                                                                    "children": {
                                                                        "_process_rank_one_or_two_observation": {
                                                                            "total": 0.00014554200000027606,
                                                                            "count": 2,
                                                                            "is_parallel": true,